[
    {
        "name": "My new obj",
        "children": [
            {
                "1": {
                    "name": "FCO",
                    "isMeta": true,
                    "metaType": "FCO",
                    "children": []
                }
            },
            {
                "z": {
                    "name": "PetriNetExample",
                    "isMeta": false,
                    "metaType": "PetriNetDiagramFolder",
                    "children": [
                        {
                            "V": {
                                "name": "Vending Machine",
                                "isMeta": false,
                                "metaType": "PetriNetDiagram",
                                "children": [
                                    {
                                        "3": {
                                            "name": "0c",
                                            "isMeta": false,
                                            "metaType": "Place",
                                            "children": []
                                        }
                                    },
                                    {
                                        "4": {
                                            "name": "Deposit 10c",
                                            "isMeta": false,
                                            "metaType": "Transition",
                                            "children": []
                                        }
                                    },
                                    {
                                        "9": {
                                            "name": "TtoP",
                                            "isMeta": false,
                                            "metaType": "TtoP",
                                            "src": "Deposit 5c",
                                            "dst": "15c"
                                        }
                                    },
                                    {
                                        "Y": {
                                            "name": "PtoT",
                                            "isMeta": false,
                                            "metaType": "PtoT",
                                            "src": "15c",
                                            "dst": "Take 15c bar"
                                        }
                                    },
                                    {
                                        "s": {
                                            "name": "TtoP",
                                            "isMeta": false,
                                            "metaType": "TtoP",
                                            "src": "Take 15c bar",
                                            "dst": "0c"
                                        }
                                    },
                                    {
                                        "b": {
                                            "name": "TtoP",
                                            "isMeta": false,
                                            "metaType": "TtoP",
                                            "src": "Take 20c bar",
                                            "dst": "0c"
                                        }
                                    },
                                    {
                                        "c": {
                                            "name": "Deposit 5c",
                                            "isMeta": false,
                                            "metaType": "Transition",
                                            "children": []
                                        }
                                    },
                                    {
                                        "N": {
                                            "name": "Deposit 10c",
                                            "isMeta": false,
                                            "metaType": "Transition",
                                            "children": []
                                        }
                                    },
                                    {
                                        "J": {
                                            "name": "PtoT",
                                            "isMeta": false,
                                            "metaType": "PtoT",
                                            "src": "0c",
                                            "dst": "Deposit 5c"
                                        }
                                    },
                                    {
                                        "e": {
                                            "name": "TtoP",
                                            "isMeta": false,
                                            "metaType": "TtoP",
                                            "src": "Deposit 10c",
                                            "dst": "15c"
                                        }
                                    },
                                    {
                                        "r": {
                                            "name": "5c",
                                            "isMeta": false,
                                            "metaType": "Place",
                                            "children": []
                                        }
                                    },
                                    {
                                        "h": {
                                            "name": "10c",
                                            "isMeta": false,
                                            "metaType": "Place",
                                            "children": []
                                        }
                                    },
                                    {
                                        "u": {
                                            "name": "Take 15c bar",
                                            "isMeta": false,
                                            "metaType": "Transition",
                                            "children": []
                                        }
                                    },
                                    {
                                        "w": {
                                            "name": "Take 20c bar",
                                            "isMeta": false,
                                            "metaType": "Transition",
                                            "children": []
                                        }
                                    },
                                    {
                                        "m": {
                                            "name": "Deposit 10c",
                                            "isMeta": false,
                                            "metaType": "Transition",
                                            "children": []
                                        }
                                    },
                                    {
                                        "i": {
                                            "name": "15c",
                                            "isMeta": false,
                                            "metaType": "Place",
                                            "children": []
                                        }
                                    },
                                    {
                                        "V": {
                                            "name": "20c",
                                            "isMeta": false,
                                            "metaType": "Place",
                                            "children": []
                                        }
                                    },
                                    {
                                        "X": {
                                            "name": "Deposit 5c",
                                            "isMeta": false,
                                            "metaType": "Transition",
                                            "children": []
                                        }
                                    },
                                    {
                                        "T": {
                                            "name": "Deposit 5c",
                                            "isMeta": false,
                                            "metaType": "Transition",
                                            "children": []
                                        }
                                    },
                                    {
                                        "x": {
                                            "name": "PtoT",
                                            "isMeta": false,
                                            "metaType": "PtoT",
                                            "src": "0c",
                                            "dst": "Deposit 10c"
                                        }
                                    },
                                    {
                                        "W": {
                                            "name": "TtoP",
                                            "isMeta": false,
                                            "metaType": "TtoP",
                                            "src": "Deposit 5c",
                                            "dst": "5c"
                                        }
                                    },
                                    {
                                        "G": {
                                            "name": "TtoP",
                                            "isMeta": false,
                                            "metaType": "TtoP",
                                            "src": "Deposit 10c",
                                            "dst": "10c"
                                        }
                                    },
                                    {
                                        "S": {
                                            "name": "Deposit 5c",
                                            "isMeta": false,
                                            "metaType": "Transition",
                                            "children": []
                                        }
                                    },
                                    {
                                        "k": {
                                            "name": "PtoT",
                                            "isMeta": false,
                                            "metaType": "PtoT",
                                            "src": "5c",
                                            "dst": "Deposit 5c"
                                        }
                                    },
                                    {
                                        "M": {
                                            "name": "TtoP",
                                            "isMeta": false,
                                            "metaType": "TtoP",
                                            "src": "Deposit 5c",
                                            "dst": "10c"
                                        }
                                    },
                                    {
                                        "n": {
                                            "name": "PtoT",
                                            "isMeta": false,
                                            "metaType": "PtoT",
                                            "src": "5c",
                                            "dst": "Deposit 10c"
                                        }
                                    },
                                    {
                                        "j": {
                                            "name": "PtoT",
                                            "isMeta": false,
                                            "metaType": "PtoT",
                                            "src": "10c",
                                            "dst": "Deposit 5c"
                                        }
                                    },
                                    {
                                        "F": {
                                            "name": "PtoT",
                                            "isMeta": false,
                                            "metaType": "PtoT",
                                            "src": "10c",
                                            "dst": "Deposit 10c"
                                        }
                                    },
                                    {
                                        "a": {
                                            "name": "PtoT",
                                            "isMeta": false,
                                            "metaType": "PtoT",
                                            "src": "15c",
                                            "dst": "Deposit 5c"
                                        }
                                    },
                                    {
                                        "g": {
                                            "name": "TtoP",
                                            "isMeta": false,
                                            "metaType": "TtoP",
                                            "src": "Deposit 10c",
                                            "dst": "20c"
                                        }
                                    },
                                    {
                                        "O": {
                                            "name": "TtoP",
                                            "isMeta": false,
                                            "metaType": "TtoP",
                                            "src": "Deposit 5c",
                                            "dst": "20c"
                                        }
                                    },
                                    {
                                        "K": {
                                            "name": "PtoT",
                                            "isMeta": false,
                                            "metaType": "PtoT",
                                            "src": "20c",
                                            "dst": "Take 20c bar"
                                        }
                                    }
                                ]
                            }
                        }
                    ]
                }
            },
            {
                "M": {
                    "name": "PetriNetMetaModel",
                    "isMeta": true,
                    "metaType": "PetriNetMetaModel",
                    "children": [
                        {
                            "T": {
                                "name": "Place",
                                "isMeta": true,
                                "metaType": "Place",
                                "children": []
                            }
                        },
                        {
                            "i": {
                                "name": "Transition",
                                "isMeta": true,
                                "metaType": "Transition",
                                "children": []
                            }
                        },
                        {
                            "x": {
                                "name": "PtoT",
                                "isMeta": true,
                                "metaType": "PtoT",
                                "children": []
                            }
                        },
                        {
                            "J": {
                                "name": "TtoP",
                                "isMeta": true,
                                "metaType": "TtoP",
                                "children": []
                            }
                        },
                        {
                            "s": {
                                "name": "PetriNetDiagramFolder",
                                "isMeta": true,
                                "metaType": "PetriNetDiagramFolder",
                                "children": []
                            }
                        },
                        {
                            "f": {
                                "name": "PetriNetDiagram",
                                "isMeta": true,
                                "metaType": "PetriNetDiagram",
                                "children": []
                            }
                        },
                        {
                            "V": {
                                "name": "Arc",
                                "isMeta": true,
                                "metaType": "Arc",
                                "children": []
                            }
                        }
                    ]
                }
            }
        ]
    }
]