[
    {
        "name": "FCO",
        "path": "/1",
        "nbrOfChildren": 0,
        "base": "null"
    },
    {
        "name": "Place",
        "path": "/M/T",
        "nbrOfChildren": 0,
        "base": "FCO"
    },
    {
        "name": "Transition",
        "path": "/M/i",
        "nbrOfChildren": 0,
        "base": "FCO"
    },
    {
        "name": "PtoT",
        "path": "/M/x",
        "nbrOfChildren": 0,
        "base": "Arc"
    },
    {
        "name": "TtoP",
        "path": "/M/J",
        "nbrOfChildren": 0,
        "base": "Arc"
    },
    {
        "name": "PetriNetDiagramFolder",
        "path": "/M/s",
        "nbrOfChildren": 0,
        "base": "FCO"
    },
    {
        "name": "PetriNetDiagram",
        "path": "/M/f",
        "nbrOfChildren": 0,
        "base": "FCO"
    },
    {
        "name": "Arc",
        "path": "/M/V",
        "nbrOfChildren": 0,
        "base": "FCO"
    },
    {
        "name": "PetriNetMetaModel",
        "path": "/M",
        "nbrOfChildren": 7,
        "base": "FCO"
    }
]