[
    {
        "name": "FCO",
        "path": "/1",
        "nbrOfChildren": 0,
        "base": "null"
    },
    {
        "name": "Connection",
        "path": "/d/S",
        "nbrOfChildren": 0,
        "base": "FCO"
    },
    {
        "name": "Interface",
        "path": "/d/f",
        "nbrOfChildren": 0,
        "base": "FCO"
    },
    {
        "name": "Terminal",
        "path": "/d/h",
        "nbrOfChildren": 0,
        "base": "Interface"
    },
    {
        "name": "Train",
        "path": "/d/L",
        "nbrOfChildren": 0,
        "base": "Interface"
    },
    {
        "name": "Station",
        "path": "/d/y",
        "nbrOfChildren": 0,
        "base": "Interface"
    },
    {
        "name": "Railway_system",
        "path": "/d/o",
        "nbrOfChildren": 0,
        "base": "FCO"
    },
    {
        "name": "Folder",
        "path": "/d/H",
        "nbrOfChildren": 0,
        "base": "FCO"
    },
    {
        "name": "MetaModel",
        "path": "/d",
        "nbrOfChildren": 7,
        "base": "FCO"
    }
]